step,secs,tou_price,pv_0,pv_1,pv_2,pv_3,pv_4,s0_c1,s0_c2,s0_c3,s0_c4,s0_c5,s1_c1,s1_c2,s1_c3,s1_c4,s1_c5,s2_c1,s2_c2,s2_c3,s2_c4,s2_c5,s3_c1,s3_c2,s3_c3,s3_c4,s3_c5,s4_c1,s4_c2,s4_c3,s4_c4,s4_c5
0,0,84.5,0,0,0,0,0,1,0,0,0,0,0,0,0,0,0,1,0,0,0,0,0,0,0,0,0,0,0,0,0,0
1,,84.5,0,0,0,0,0,0,0,0,0,0,0,1,1,0,0,0,0,0,0,0,0,1,0,0,0,0,0,0,1,0
2,,84.5,0,0,0,0,0,0,0,1,0,0,0,0,0,0,0,0,0,0,0,0,0,1,0,0,0,0,0,0,0,0
3,,84.5,0,0,0,0,0,0,0,0,0,0,0,0,0,0,0,0,0,0,0,0,0,0,0,0,0,0,0,0,0,0
4,,84.5,0,0,0,0,0,0,0,0,0,0,0,0,1,0,0,0,0,0,0,0,0,0,0,0,0,0,0,0,0,0
5,,84.5,0,0,0,0,0,0,0,0,1,0,0,0,0,1,1,0,0,0,0,0,0,0,0,0,1,0,0,0,1,0
6,,84.5,1,1,1,1,1,0,0,0,0,0,0,0,0,0,0,0,0,0,0,0,0,0,0,0,0,1,0,0,0,1
7,,111.9,24.3,24.3,24.3,24.3,24.3,1,1,0,0,0,0,1,1,1,0,0,1,1,1,1,1,0,0,1,1,0,0,1,0,0
8,,111.9,46.3,46.3,46.3,46.3,46.3,1,0,1,0,1,1,1,1,1,1,0,1,0,0,1,1,1,1,1,1,1,1,0,1,0
9,,111.9,57.5,57.5,57.5,57.5,57.5,0,1,1,1,1,0,1,1,1,1,1,0,1,1,1,0,1,1,1,1,0,1,1,0,1
10,,111.9,85.4,85.4,85.4,85.4,85.4,1,1,1,0,1,1,1,1,1,1,1,1,1,1,1,1,1,0,1,0,1,1,0,1,0
11,,111.9,79.3,79.3,79.3,79.3,79.3,1,0,1,1,0,1,0,0,1,1,1,1,1,1,1,1,0,1,0,0,1,1,1,1,0
12,,111.9,82.1,82.1,82.1,82.1,82.1,1,1,1,0,1,1,1,1,1,0,1,1,0,0,0,0,1,1,1,0,1,1,0,1,1
13,,174,89.7,89.7,89.7,89.7,89.7,0,1,1,1,1,1,0,0,1,0,1,1,1,1,1,1,1,1,1,1,1,0,0,0,0
14,,174,71.6,71.6,71.6,71.6,71.6,0,1,1,0,1,0,0,1,1,1,1,1,0,0,1,1,1,1,1,1,1,1,1,1,1
15,,174,65.7,65.7,65.7,65.7,65.7,1,1,1,1,1,1,0,1,0,1,1,1,1,1,1,0,1,1,1,1,1,0,1,0,1
16,,174,46,46,46,46,46,1,0,0,1,1,0,0,1,0,1,1,0,0,1,1,1,1,1,1,1,1,0,1,1,1
17,,174,23.8,23.8,23.8,23.8,23.8,1,0,1,0,0,0,1,1,1,1,1,0,1,0,1,0,1,0,1,1,1,0,1,1,1
18,,111.9,0.8,0.8,0.8,0.8,0.8,1,1,1,1,0,0,1,1,1,1,0,0,1,1,1,0,1,1,1,1,1,1,1,0,1
19,,111.9,0,0,0,0,0,1,1,1,0,1,1,0,0,0,1,1,0,0,0,1,1,1,0,0,0,0,1,1,1,1
20,,111.9,0,0,0,0,0,1,1,1,0,0,0,1,1,0,1,1,0,0,1,0,1,0,1,0,0,1,0,0,0,1
21,,111.9,0,0,0,0,0,1,0,0,0,0,0,0,0,1,0,0,1,0,1,1,1,0,1,0,0,0,1,0,0,1
22,,111.9,0,0,0,0,0,0,0,0,0,0,1,0,0,1,0,1,0,0,0,0,0,0,0,0,0,0,0,0,1,0
23,,111.9,0,0,0,0,0,1,0,1,1,0,0,1,1,0,0,0,0,1,0,0,1,0,0,1,1,0,0,0,0,0
24,,84.5,0,0,0,0,0,0,0,0,0,0,0,0,0,0,0,0,0,0,0,0,0,0,0,0,0,0,0,0,1,0
25,,84.5,0,0,0,0,0,0,0,0,0,0,0,0,0,0,0,0,1,0,0,1,0,0,0,0,0,1,0,0,0,0
26,,84.5,0,0,0,0,0,0,0,0,0,0,0,0,0,0,0,0,0,0,0,0,1,0,0,0,0,0,0,0,0,0
27,,84.5,0,0,0,0,0,0,1,0,0,1,0,0,0,0,0,0,0,0,0,0,0,0,0,0,0,0,0,0,0,0
28,,84.5,0,0,0,0,0,0,0,0,0,0,0,1,0,0,1,0,0,0,0,0,0,0,0,0,0,0,0,0,0,0
29,,84.5,0,0,0,0,0,0,0,0,0,0,0,0,0,0,0,0,0,0,0,0,0,0,1,0,0,0,1,0,0,0
30,,84.5,0,0,0,0,0,0,1,0,0,1,0,0,0,0,0,0,1,1,0,0,1,0,0,1,0,0,0,0,0,0
31,,111.9,22.9,22.9,22.9,22.9,22.9,0,0,0,1,0,0,1,0,0,0,0,0,0,0,1,0,0,1,0,1,0,1,0,0,0
32,,111.9,50,50,50,50,50,1,0,1,0,1,0,0,0,1,1,0,1,1,1,1,1,1,0,0,1,1,1,0,1,1
33,,111.9,55.6,55.6,55.6,55.6,55.6,1,1,0,0,0,1,0,0,1,0,1,0,0,0,1,1,1,1,1,0,0,1,0,0,0
34,,111.9,68.5,68.5,68.5,68.5,68.5,1,1,1,1,1,0,1,1,0,1,1,1,1,0,1,1,0,1,1,1,1,1,0,0,1
35,,111.9,88.5,88.5,88.5,88.5,88.5,0,1,1,1,0,0,0,1,0,1,0,1,1,1,0,0,0,1,1,1,1,1,0,1,1
36,,111.9,87.7,87.7,87.7,87.7,87.7,0,0,1,0,1,0,1,0,1,1,0,1,1,1,1,1,0,0,0,1,0,1,1,1,1
37,,174,77.6,77.6,77.6,77.6,77.6,1,1,1,1,0,1,1,1,0,1,1,0,1,0,1,1,0,1,1,1,1,1,1,1,0
38,,174,76.6,76.6,76.6,76.6,76.6,1,1,0,1,1,0,1,1,0,1,0,1,1,1,1,1,1,1,1,0,1,0,0,0,1
39,,174,62.3,62.3,62.3,62.3,62.3,0,1,1,1,1,1,1,1,0,0,1,0,1,1,1,1,1,1,1,1,1,1,1,1,1
40,,174,43.9,43.9,43.9,43.9,43.9,1,0,0,1,0,0,0,0,0,1,1,1,1,0,1,1,0,1,1,1,1,1,0,1,0
41,,174,26.2,26.2,26.2,26.2,26.2,1,1,0,0,0,0,1,1,0,1,1,1,1,0,1,1,1,0,1,0,0,1,1,1,0
42,,111.9,0,0,0,0,0,0,1,1,1,1,1,1,0,1,1,0,1,1,0,0,1,0,1,1,1,1,1,1,1,1
43,,111.9,0,0,0,0,0,1,1,1,1,1,1,1,1,1,1,1,0,1,1,0,1,0,0,1,0,1,1,0,0,0
44,,111.9,0,0,0,0,0,1,1,0,1,0,1,0,1,0,1,0,1,1,0,1,1,0,0,1,0,0,0,1,0,1
45,,111.9,0,0,0,0,0,1,1,0,1,0,0,0,0,1,1,0,0,1,0,0,0,1,1,0,0,1,1,0,1,0
46,,111.9,0,0,0,0,0,1,0,1,0,0,1,0,1,0,0,0,1,0,1,0,1,0,1,1,1,1,1,1,0,0
47,,111.9,0,0,0,0,0,1,1,0,0,0,1,0,0,0,0,0,0,1,0,0,0,0,0,0,1,0,1,1,1,0
48,,84.5,0,0,0,0,0,0,0,1,0,0,0,0,0,0,0,0,0,0,0,0,0,0,0,0,0,0,0,0,0,0
49,,84.5,0,0,0,0,0,1,0,0,0,0,0,0,0,0,0,0,0,0,0,0,0,0,0,0,0,0,0,0,1,0
50,,84.5,0,0,0,0,0,0,0,0,0,0,0,1,1,0,0,0,0,0,0,0,0,0,0,0,0,0,1,0,0,0
51,,84.5,0,0,0,0,0,0,0,0,1,0,0,0,1,0,0,0,0,0,0,1,0,0,1,0,0,0,0,0,0,0
52,,84.5,0,0,0,0,0,0,0,0,1,0,0,0,0,0,1,0,0,0,0,0,0,0,0,0,0,0,0,0,0,0
53,,84.5,0,0,0,0,0,0,0,0,0,0,0,0,0,0,0,1,0,0,0,1,0,0,0,0,1,1,0,1,0,0
54,,84.5,0.1,0.1,0.1,0.1,0.1,0,0,0,0,0,0,0,0,1,0,0,0,0,0,0,0,1,0,0,0,0,0,0,1,0
55,,111.9,23.1,23.1,23.1,23.1,23.1,1,0,1,0,1,1,0,1,0,1,1,0,1,1,0,0,1,1,1,1,0,1,0,0,0
56,,111.9,42.7,42.7,42.7,42.7,42.7,1,1,1,1,0,1,0,0,1,1,1,1,1,1,1,1,0,1,1,1,1,1,1,1,1
57,,111.9,68.5,68.5,68.5,68.5,68.5,0,0,0,1,1,0,1,0,1,1,0,1,0,0,1,1,1,1,1,1,0,1,0,0,1
58,,111.9,72.5,72.5,72.5,72.5,72.5,1,0,1,0,1,1,1,1,0,1,1,1,1,1,0,0,1,1,1,1,1,0,1,0,1
59,,111.9,86.1,86.1,86.1,86.1,86.1,0,1,1,1,0,1,1,0,0,0,1,1,1,0,1,1,1,1,0,1,1,1,1,1,1
60,,111.9,81,81,81,81,81,1,1,0,0,0,1,0,1,0,1,0,1,0,1,0,1,1,1,1,1,1,1,1,1,1
61,,174,91.2,91.2,91.2,91.2,91.2,0,1,1,0,1,0,1,0,1,1,1,1,1,1,0,1,0,1,1,1,1,1,1,0,1
62,,174,72.8,72.8,72.8,72.8,72.8,1,1,0,1,0,1,0,1,1,1,1,1,1,1,1,1,1,1,0,1,0,1,1,1,1
63,,174,69.1,69.1,69.1,69.1,69.1,1,0,1,0,1,1,1,1,1,0,1,1,1,1,1,0,1,1,0,1,0,0,0,1,1
64,,174,49.4,49.4,49.4,49.4,49.4,1,1,1,0,1,0,1,1,0,0,1,1,0,1,0,1,1,0,0,0,1,0,1,0,1
65,,174,27.1,27.1,27.1,27.1,27.1,1,1,1,1,1,0,1,1,0,1,1,1,1,1,0,1,1,0,0,1,0,1,0,0,0
66,,111.9,1.2,1.2,1.2,1.2,1.2,1,1,0,1,1,1,0,1,0,1,1,1,1,1,1,1,1,1,1,1,1,1,0,1,0
67,,111.9,0,0,0,0,0,0,1,1,1,1,1,0,0,0,1,0,1,0,0,1,0,0,0,1,1,0,0,0,1,1
68,,111.9,0,0,0,0,0,0,0,1,1,0,0,0,1,0,1,1,0,0,0,1,1,1,0,0,1,1,0,1,1,0
69,,111.9,0,0,0,0,0,1,1,0,0,1,0,0,0,0,1,1,0,0,0,1,1,0,1,1,1,1,0,1,0,1
70,,111.9,0,0,0,0,0,1,1,0,0,1,1,0,0,0,1,1,0,0,1,1,0,0,0,0,0,1,1,1,1,0
71,,111.9,0,0,0,0,0,0,0,1,1,0,0,1,0,0,1,1,0,0,1,0,0,1,0,1,0,1,0,0,0,0
72,,84.5,0,0,0,0,0,1,0,0,0,0,0,0,0,0,0,0,0,0,0,0,0,0,0,0,0,0,0,0,0,0
73,,84.5,0,0,0,0,0,0,0,0,0,0,0,0,0,0,0,0,0,0,0,0,0,1,1,0,0,0,0,0,0,0
74,,84.5,0,0,0,0,0,0,0,0,0,0,0,0,0,0,0,0,1,0,0,0,0,0,0,0,0,0,0,0,0,0
75,,84.5,0,0,0,0,0,0,0,0,0,0,0,1,0,0,0,0,0,1,0,0,0,0,0,0,0,0,0,1,0,0
76,,84.5,0,0,0,0,0,0,0,0,0,1,0,1,0,0,0,0,1,0,0,0,0,0,1,0,0,0,0,0,0,0
77,,84.5,0,0,0,0,0,0,0,0,0,0,0,0,0,0,0,0,1,0,0,0,0,0,0,0,0,0,0,0,0,0
78,,84.5,0,0,0,0,0,0,0,0,0,0,0,0,0,0,1,0,0,0,0,1,0,0,0,0,0,0,0,1,0,0
79,,111.9,23.4,23.4,23.4,23.4,23.4,0,1,1,0,1,0,0,1,1,0,1,1,0,1,0,0,0,1,1,0,0,1,0,1,1
80,,111.9,46.9,46.9,46.9,46.9,46.9,1,1,1,1,0,1,1,0,0,1,1,1,1,0,1,0,1,1,1,1,1,1,1,1,1
81,,111.9,64.9,64.9,64.9,64.9,64.9,1,0,1,1,0,0,0,1,1,1,1,1,1,1,1,1,1,0,1,1,1,0,0,1,0
82,,111.9,82.9,82.9,82.9,82.9,82.9,1,1,1,1,0,0,1,1,1,1,1,1,1,0,1,1,1,0,1,1,1,1,1,1,0
83,,111.9,83.6,83.6,83.6,83.6,83.6,1,1,0,1,0,1,1,1,0,1,1,1,1,0,1,0,1,1,0,0,0,1,1,1,0
84,,111.9,87,87,87,87,87,0,1,1,1,1,1,0,0,0,1,0,1,1,1,1,0,1,1,0,0,1,1,1,1,1
85,,174,87,87,87,87,87,1,1,1,1,1,1,1,1,1,1,0,1,0,1,1,1,1,1,1,1,1,0,0,1,1
86,,174,68.6,68.6,68.6,68.6,68.6,0,1,1,1,0,1,0,0,1,0,0,0,0,0,1,1,1,1,0,1,1,0,1,0,1
87,,174,65.2,65.2,65.2,65.2,65.2,1,1,1,0,0,1,1,1,1,1,1,1,1,1,1,0,1,0,0,0,1,1,0,1,1
88,,174,42.2,42.2,42.2,42.2,42.2,1,1,0,0,1,1,1,1,1,1,0,1,1,1,1,1,0,1,0,1,0,0,1,0,1
89,,174,21.9,21.9,21.9,21.9,21.9,0,1,1,1,1,1,1,1,1,0,1,1,1,1,1,1,1,1,1,1,1,1,1,1,1
90,,111.9,0,0,0,0,0,0,1,1,0,0,1,1,1,0,1,1,1,1,1,0,1,1,1,0,1,0,1,1,1,0
91,,111.9,0,0,0,0,0,0,0,0,1,0,0,1,0,1,0,1,1,1,1,0,1,0,0,0,0,0,0,0,1,1
92,,111.9,0,0,0,0,0,0,0,0,0,0,0,1,0,0,0,0,0,1,0,0,1,1,1,0,1,0,0,0,0,0
93,,111.9,0,0,0,0,0,1,1,1,0,1,0,1,0,1,0,1,1,0,0,1,0,1,0,0,0,0,1,0,0,0
94,,111.9,0,0,0,0,0,1,1,0,1,1,0,1,0,0,1,0,1,1,0,1,0,0,1,1,0,0,1,1,1,0
95,,111.9,0,0,0,0,0,0,1,0,0,1,0,1,1,1,0,0,1,1,1,0,1,1,1,1,1,1,0,0,0,0
96,,84.5,0,0,0,0,0,0,0,0,0,1,0,1,0,0,0,0,0,0,0,0,0,0,0,0,0,1,0,1,0,0
97,,84.5,0,0,0,0,0,0,1,0,0,0,0,0,0,0,0,0,0,0,0,0,0,0,0,0,0,0,0,0,0,0
98,,84.5,0,0,0,0,0,0,0,0,0,0,0,0,0,0,0,0,0,0,0,0,0,0,0,0,0,0,0,1,0,1
99,,84.5,0,0,0,0,0,0,0,0,0,0,0,0,0,0,1,0,1,0,0,0,0,0,0,0,1,0,0,0,0,0
100,,84.5,0,0,0,0,0,0,0,0,0,0,0,0,0,0,0,0,0,0,0,0,0,0,0,0,0,0,0,0,0,0
101,,84.5,0,0,0,0,0,0,0,0,0,0,0,0,0,0,0,0,0,0,0,0,1,0,0,0,0,0,0,1,0,0
102,,84.5,1.2,1.2,1.2,1.2,1.2,0,0,0,0,0,0,0,0,0,0,0,1,0,0,0,0,0,0,0,0,0,0,0,0,0
103,,111.9,21.4,21.4,21.4,21.4,21.4,1,1,1,1,0,1,0,0,0,0,0,1,1,0,0,1,1,0,1,0,0,1,0,0,1
104,,111.9,45.3,45.3,45.3,45.3,45.3,0,0,1,1,0,1,1,0,1,1,0,0,1,1,1,1,0,0,1,0,0,1,1,1,1
105,,111.9,61.8,61.8,61.8,61.8,61.8,0,1,1,1,1,1,0,1,1,0,1,1,0,1,1,1,1,1,1,1,0,1,1,0,1
106,,111.9,79.5,79.5,79.5,79.5,79.5,1,1,1,0,0,1,1,0,1,0,1,1,1,0,1,0,1,1,0,0,1,1,1,0,1
107,,111.9,84,84,84,84,84,1,1,1,1,1,1,0,1,1,1,0,0,1,0,1,0,0,0,0,1,0,1,1,1,1
108,,111.9,91.4,91.4,91.4,91.4,91.4,0,1,1,1,1,1,1,1,1,0,1,0,1,1,0,0,0,1,1,1,1,1,1,1,1
109,,174,88.5,88.5,88.5,88.5,88.5,1,1,0,1,0,0,1,0,1,1,0,1,0,1,1,0,0,1,1,0,1,1,1,1,1
110,,174,75.8,75.8,75.8,75.8,75.8,1,0,1,1,1,1,1,1,1,1,0,1,1,0,1,1,1,0,0,1,0,1,1,0,1
111,,174,63.2,63.2,63.2,63.2,63.2,1,1,1,1,1,1,1,1,1,0,1,0,1,1,1,1,1,1,1,1,1,1,0,1,1
112,,174,41.9,41.9,41.9,41.9,41.9,1,0,1,1,1,0,1,1,1,1,0,1,1,1,0,1,1,1,0,1,0,1,0,1,1
113,,174,23.8,23.8,23.8,23.8,23.8,1,1,1,1,0,1,0,1,0,1,1,1,1,1,1,0,1,0,1,1,1,0,1,1,1
114,,111.9,0.5,0.5,0.5,0.5,0.5,0,1,1,0,0,0,1,1,0,1,0,1,0,1,1,1,1,1,1,0,0,1,0,0,1
115,,111.9,0,0,0,0,0,1,0,0,1,0,0,0,1,1,0,0,1,0,1,1,1,0,0,0,1,1,0,0,1,1
116,,111.9,0,0,0,0,0,0,0,1,1,0,0,0,0,0,1,0,1,0,1,1,0,0,0,0,1,1,0,0,0,1
117,,111.9,0,0,0,0,0,0,1,1,0,1,0,0,1,1,0,0,0,0,0,0,0,1,1,1,0,1,1,1,1,1
118,,111.9,0,0,0,0,0,0,1,1,1,0,0,0,1,0,0,0,0,1,1,1,0,1,0,1,0,0,1,1,0,1
119,,111.9,0,0,0,0,0,0,0,0,0,0,0,1,0,1,0,1,0,0,0,0,0,1,1,1,1,0,0,0,0,0